Online Resource Names,How to access ChatGPT,r/ChatGPTCoding,"u/Romeliumism's 
take on creative
prompts","ChatGPT Content
Detector",u/SIGPrime's DND Prompt,Lens Mode technique by u/Andre_Clements,"""Pass AI Detecion 100% with this prompt"" YT Video"
Links:,Chat.openai.com,https://www.reddit.com/r/ChatGPTCoding/top/?t=all,https://www.reddit.com/r/ChatGPT/comments/10nezvy/comment/j695po0/?context=3,https://writer.com/ai-content-detector/,https://www.reddit.com/r/ChatGPT/comments/10m7o2f/comment/j63ukb9/?utm_source=share&utm_medium=web2x&context=3,https://www.reddit.com/r/ChatGPT/comments/10oy2tp/lensmode_tuning_a_chatgpt_conversation_with/?utm_source=share&utm_medium=ios_app&utm_name=iossmf,https://youtu.be/Xgc-d7SO4OQ
My thoughts on the link:,"It's pretty important to know how to access ChatGPT before you learn how to use it. lol, it's free and just requires a simple login to use. ","Seriously the first 3 posts each
are 10x better resources
than this. Check this out now.",,,,Hoping to add a section in the guide about adding chat parameters to chatGPT similar to this but in a simpler manner. ,"Take any AI written article/text. Put this prompt in,
wait for ChatGPT to say it understands,
then tell it to add perplexity and burstiness to
your article/text."
Any associated prompts or resources:,,Check out awesomeGPT and the ChatGPT Handbook,,,,,"When it comes to writing content, two factors are crucial, ""perplexity"" and ""burstiness."" Perplexity measures the complexity of text. Separately, burstiness compares the variations of sentences. Humans tend to write with greater burstiness, for example, with some longer or complex sentences alongside shorter ones. AI sentences tend to be more uniform. Therefore, when writing the following content I am going to ask you to create, I need it to have a good amount of perplexity and burstiness. Do you understand?"
Online Resource Names,How to access ChatGPT,Table of Improvements,,,,,
Links:,Chat.openai.com,https://youtu.be/DaSiHtgvwdQ,,,,,
My thoughts on the link:,"It's pretty important to know how to access ChatGPT before you learn how to use it. lol, it's free and just requires a simple login to use. ","Combine this with something like researchGPT and perplexity and burstiness (see Pass AI Detection 100% online link,) and you could probably make a perfect A++ paper that is indistinguishable from human text. 
Also, when it writes the ... I like to put ""Make a table with a focus on (insert idea here)""",,,,,
Any associated prompts or resources:,,"I have a text I would like to make changes to. You will be soon be generating a table of 10 different suggestions of improvements that could be related to the text with numbers in the left column of the table for me to pick from. After the table, ask the question ""What improvements would you like to make to the text? Pick one from the table above and I will generate a list of ways we can do that"" below the table. End the message at that line and wait for the user repsonse. Acknowledge with ""..."" if you understand the task, don't create a table yet.",,,,,
Online Resource Names,How to access ChatGPT,,,,,,
Links:,Chat.openai.com,,,,,,
My thoughts on the link:,"It's pretty important to know how to access ChatGPT before you learn how to use it. lol, it's free and just requires a simple login to use. ",,,,,,
Any associated prompts or resources:,,,,,,,
Online Resource Names,How to access ChatGPT,,,,,,
Links:,Chat.openai.com,,,,,,
My thoughts on the link:,"It's pretty important to know how to access ChatGPT before you learn how to use it. lol, it's free and just requires a simple login to use. ",,,,,,
Any associated prompts or resources:,,,,,,,